Metric,Value
RMSE,0.2753477807231069
MSE,0.07581640034914017
MAE,0.10554693639278412
R2,0.8378532810848303
