Mean,Variance,Skewness,Kurtosis
0.6237282659919252,0.4675947553181198,2.2631067469098376,5.7066037096724065
0.639304518699646,0.470065712928772,2.0024752616882324,4.242060661315918
