Metric,Value
RMSE,0.28932003199492373
MSE,0.0837060809135437
MAE,0.1112554669380188
R2,0.8209797392136315
