Mean,Variance,Skewness,Kurtosis
0.6237282659919252,0.4675947553181198,2.2631067469098376,5.7066037096724065
0.6143652200698853,0.4127853810787201,2.0682709217071533,4.463481903076172
