Mean,Variance,Skewness,Kurtosis
0.6237282659919252,0.4675947553181198,2.2631067469098376,5.7066037096724065
0.6105509400367737,0.410383015871048,2.149250030517578,4.788817882537842
