Metric,Value
MAE,0.0946509838104248
R2,0.8294826798028451
MSE,0.07973029464483261
RMSE,0.2823655337409873
