Mean,Variance,Skewness,Kurtosis
0.6237282659919252,0.4675947553181198,2.2631067469098376,5.7066037096724065
0.6073583960533142,0.40219825506210327,2.115078926086426,4.361001491546631
