Metric,Value
RMSE,0.2993713253846956
MSE,0.08962319046258926
MAE,0.10840413719415665
R2,0.8083251009761883
