Mean,Variance,Skewness,Kurtosis
0.6237282659919252,0.4675947553181198,2.2631067469098376,5.7066037096724065
0.6140701174736023,0.4155237376689911,2.231492519378662,6.304862022399902
